awarded_on,buyer,portal,reference,mpn,product,quantity,winner,unit_price,currency,bidders
2025-09-07,"Deemed university, Sangli",GeM,GEM/2026/B/5247474,ZB-K20-KEYBOARD,Zebronics Zeb-K20 USB Keyboard,60,Om Infotech Solutions,371.0,INR,3
2025-09-22,"Municipal school board, Pune",GeM,GEM/2026/B/5277536,MS-MAG-A650BN,MSI MAG A650BN 650 W 80+ Bronze PSU,50,Pune Computer Mart,4287.0,INR,3
2025-09-29,"Government polytechnic, Aurangabad",GeM,GEM/2026/B/5232459,AM-100-100000591WOF,AMD Ryzen 7 7700X Processor,100,Om Infotech Solutions,27072.0,INR,8
2025-10-03,"Autonomous college, Satara",MahaTenders,GEM/2026/B/5268907,LN-83ER-IPS3,Lenovo IdeaPad Slim 3 (Core i5),20,Pune Computer Mart,50805.0,INR,7
2025-10-08,"Engineering college, Kolhapur",GeM,GEM/2026/B/5260457,AS-X1504VA-VIVO15,Asus Vivobook 15 (Core i5),60,Data Care Corp,48351.0,INR,4
2025-10-10,"ITI, Nashik",GeM,GEM/2026/B/5204115,DL-V3030-I5-8,"Dell Vostro 3030 Tower (Core i5, 8 GB)",20,Data Care Corp,45818.0,INR,6
2025-11-08,"Government polytechnic, Aurangabad",GeM,GEM/2026/B/5250301,HP-265A9AA-M100,HP M100 USB Optical Mouse,50,Pune Computer Mart,409.0,INR,7
2025-11-09,"Engineering college, Kolhapur",GeM,GEM/2026/B/5293350,DL-KB216-BK,Dell KB216 Multimedia USB Keyboard,20,Data Care Corp,738.0,INR,3
2025-11-13,"ITI, Nashik",GeM,GEM/2026/B/5243619,MS-MAG-A650BN,MSI MAG A650BN 650 W 80+ Bronze PSU,30,Data Care Corp,4205.0,INR,3
2025-11-15,"Government polytechnic, Aurangabad",GeM,GEM/2026/B/5255456,AC-DTVZ4SI-S2690G,Acer Veriton S2690G (Core i5),120,Kalpataru Technologies,46816.0,INR,4
2025-11-18,"Government polytechnic, Aurangabad",GeM,GEM/2026/B/5276092,LN-12JB-NEO50T,Lenovo ThinkCentre neo 50t Gen 5 (Core i5),100,Data Care Corp,49035.0,INR,8
2025-11-20,"ITI, Nashik",MahaTenders,GEM/2026/B/5208700,LG-920-009437-K120,Logitech K120 USB Keyboard,50,Data Care Corp,614.0,INR,6
2025-11-22,"Autonomous college, Satara",MahaTenders,GEM/2026/B/5298572,APC-SRV3KI,APC Easy UPS SRV 3 kVA Online,30,Vardhaman Systems,59103.0,INR,7
2025-12-28,"Government polytechnic, Aurangabad",GeM,GEM/2026/B/5214221,LN-12U3-M70T5,Lenovo ThinkCentre M70t Gen 5 (Core i7),60,Data Care Corp,72164.0,INR,8
2025-12-31,"Autonomous college, Satara",GeM,GEM/2026/B/5209913,AS-X1504VA-VIVO15,Asus Vivobook 15 (Core i5),50,Pune Computer Mart,47047.0,INR,8
2026-01-01,"Autonomous college, Satara",GeM,GEM/2026/B/5200307,HP-9Z9X3PA-250G10,HP 250 G10 Notebook (Core i5),120,Shree Sai Computers,49323.0,INR,5
2026-01-09,"Municipal school board, Pune",GeM,GEM/2026/B/5267517,ZB-CRISPCAM-FHD,Zebronics Zeb-Crisp Pro FHD Webcam,20,Om Infotech Solutions,1534.0,INR,7
2026-01-15,"Municipal school board, Pune",GeM,GEM/2026/B/5264122,LG-980-000418-Z120,Logitech Z120 USB Stereo Speakers,30,Pune Computer Mart,786.0,INR,7
2026-01-16,"Engineering college, Kolhapur",GeM,GEM/2026/B/5222581,ZB-CRISPCAM-FHD,Zebronics Zeb-Crisp Pro FHD Webcam,20,Data Care Corp,1549.0,INR,7
2026-01-16,"Deemed university, Sangli",GeM,GEM/2026/B/5221491,HP-9H1P7PA-280G9,"HP Pro Tower 280 G9 (Core i5, 16 GB)",120,Shree Sai Computers,51111.0,INR,7
2026-01-26,"Government polytechnic, Aurangabad",MahaTenders,GEM/2026/B/5203636,ZT-G40600H-10M,ZOTAC GeForce RTX 4060 Twin Edge 8 GB,60,Kalpataru Technologies,30537.0,INR,5
2026-01-31,"Deemed university, Sangli",GeM,GEM/2026/B/5266318,DL-V3030-I5-8,"Dell Vostro 3030 Tower (Core i5, 8 GB)",120,Shree Sai Computers,41610.0,INR,7
2026-02-09,"Autonomous college, Satara",GeM,GEM/2026/B/5292611,SM-LS24C310EA,Samsung Essential S3 24-inch IPS Monitor,60,Pune Computer Mart,8275.0,INR,8
2026-02-17,"Government polytechnic, Aurangabad",GeM,GEM/2026/B/5203011,JB-23189-999-889-E30,Jabra Evolve2 30 SE USB Stereo Headset,60,Data Care Corp,6870.0,INR,4
2026-02-24,"Engineering college, Kolhapur",MahaTenders,GEM/2026/B/5209685,AC-NHQPJSI-A715,"Acer Aspire 7 (Core i5, RTX 3050)",50,Om Infotech Solutions,64493.0,INR,7
2026-02-27,"ITI, Nashik",GeM,GEM/2026/B/5232330,ZB-K20-KEYBOARD,Zebronics Zeb-K20 USB Keyboard,50,Om Infotech Solutions,361.0,INR,6
2026-03-04,"Government polytechnic, Aurangabad",GeM,GEM/2026/B/5209713,HP-9H1P7PA-280G9,"HP Pro Tower 280 G9 (Core i5, 16 GB)",60,Data Care Corp,48807.0,INR,8
2026-03-11,"Deemed university, Sangli",GeM,GEM/2026/B/5205515,DL-MS116-BK,Dell MS116 USB Optical Mouse,50,Vardhaman Systems,407.0,INR,4
2026-03-22,"Deemed university, Sangli",GeM,GEM/2026/B/5280791,LG-920-009437-K120,Logitech K120 USB Keyboard,60,Om Infotech Solutions,648.0,INR,4
2026-03-25,"State university, Pune",GeM,GEM/2026/B/5285105,HP-53X27AA-W300,HP W300 1080p Webcam,20,Data Care Corp,2726.0,INR,3
2026-03-31,"ITI, Nashik",MahaTenders,GEM/2026/B/5295978,LG-981-000014-H390,Logitech H390 USB Headset with Noise-cancelling Mic,100,Kalpataru Technologies,1925.0,INR,9
2026-03-31,"Government polytechnic, Aurangabad",MahaTenders,GEM/2026/B/5203104,HP-428K7AA-G2,HP G2 USB Stereo Headset,30,Data Care Corp,1998.0,INR,3
2026-04-01,"Autonomous college, Satara",GeM,GEM/2026/B/5208644,LG-920-009437-K120,Logitech K120 USB Keyboard,20,Data Care Corp,624.0,INR,9
2026-04-08,"Autonomous college, Satara",GeM,GEM/2026/B/5267145,DL-V3530-I5-16-512,Dell Vostro 3530 (Core i5),50,Om Infotech Solutions,56011.0,INR,3
2026-04-09,"Autonomous college, Satara",GeM,GEM/2026/B/5262449,LG-960-001063-C270,Logitech C270 HD Webcam,20,Data Care Corp,1650.0,INR,4
2026-04-15,"State university, Pune",MahaTenders,GEM/2026/B/5275717,HP-64W34AA-P24G5,HP P24 G5 23.8-inch FHD Monitor,60,Vardhaman Systems,10670.0,INR,3
2026-04-25,"State university, Pune",GeM,GEM/2026/B/5249310,JB-23189-999-889-E30,Jabra Evolve2 30 SE USB Stereo Headset,60,Om Infotech Solutions,6609.0,INR,3
2026-04-26,"ITI, Nashik",GeM,GEM/2026/B/5271054,AM-100-100001015BOX,AMD Ryzen 5 7600 Processor (boxed),20,Pune Computer Mart,18123.0,INR,9
2026-04-29,"Engineering college, Kolhapur",GeM,GEM/2026/B/5296874,AP-MWUC3HN-IMAC,Apple iMac 24-inch (M4),100,Pune Computer Mart,125853.0,INR,4
2026-05-01,"Autonomous college, Satara",MahaTenders,GEM/2026/B/5255983,AM-100-100001015BOX,AMD Ryzen 5 7600 Processor (boxed),20,Vardhaman Systems,18231.0,INR,7
2026-05-08,"Government polytechnic, Aurangabad",GeM,GEM/2026/B/5283846,HP-265A9AA-M100,HP M100 USB Optical Mouse,100,Om Infotech Solutions,405.0,INR,3
2026-05-21,"Government polytechnic, Aurangabad",MahaTenders,GEM/2026/B/5271155,APC-BX1100C-IN,APC Back-UPS BX1100C-IN 1100 VA,20,Vardhaman Systems,6502.0,INR,5
2026-05-21,"State university, Pune",GeM,GEM/2026/B/5294646,AC-NHQPJSI-A715,"Acer Aspire 7 (Core i5, RTX 3050)",100,Kalpataru Technologies,64469.0,INR,3
2026-05-28,"ITI, Nashik",GeM,GEM/2026/B/5276533,AP-MU9D3HN-MINI,"Apple Mac mini (M4, 16 GB)",100,Shree Sai Computers,53601.0,INR,4
2026-05-28,"Government polytechnic, Aurangabad",GeM,GEM/2026/B/5227684,ZB-CRISPCAM-FHD,Zebronics Zeb-Crisp Pro FHD Webcam,30,Data Care Corp,1524.0,INR,4
2026-05-29,"ITI, Nashik",GeM,GEM/2026/B/5205933,IN-BX8071514400F,Intel Core i5-14400F Processor (boxed),30,Data Care Corp,15841.0,INR,5
2026-05-31,"Deemed university, Sangli",MahaTenders,GEM/2026/B/5260297,LG-980-000418-Z120,Logitech Z120 USB Stereo Speakers,60,Kalpataru Technologies,753.0,INR,9
2026-06-06,"Engineering college, Kolhapur",GeM,GEM/2026/B/5296619,MS-MAG-A650BN,MSI MAG A650BN 650 W 80+ Bronze PSU,30,Om Infotech Solutions,4363.0,INR,4
2026-06-08,"Autonomous college, Satara",GeM,GEM/2026/B/5214626,APC-BX600C-IN,APC Back-UPS BX600C-IN 600 VA,20,Data Care Corp,3353.0,INR,7
2026-06-09,"Engineering college, Kolhapur",GeM,GEM/2026/B/5287282,ZT-G40600H-10M,ZOTAC GeForce RTX 4060 Twin Edge 8 GB,30,Pune Computer Mart,30484.0,INR,7
2026-06-11,"Government polytechnic, Aurangabad",GeM,GEM/2026/B/5247736,APC-SRV3KI,APC Easy UPS SRV 3 kVA Online,30,Data Care Corp,60298.0,INR,4
2026-06-13,"Autonomous college, Satara",GeM,GEM/2026/B/5279561,LG-910-005672-M331,Logitech M331 Silent Wireless Mouse,50,Vardhaman Systems,1182.0,INR,3
2026-06-16,"Engineering college, Kolhapur",MahaTenders,GEM/2026/B/5219807,LG-981-000014-H390,Logitech H390 USB Headset with Noise-cancelling Mic,60,Data Care Corp,1951.0,INR,3
2026-06-17,"Municipal school board, Pune",GeM,GEM/2026/B/5287716,IN-BX8071514400F,Intel Core i5-14400F Processor (boxed),120,Pune Computer Mart,14640.0,INR,5
2026-06-17,"Municipal school board, Pune",MahaTenders,GEM/2026/B/5223934,APC-SRV3KI,APC Easy UPS SRV 3 kVA Online,50,Data Care Corp,55914.0,INR,5
2026-06-19,"Engineering college, Kolhapur",GeM,GEM/2026/B/5243088,APC-BX1100C-IN,APC Back-UPS BX1100C-IN 1100 VA,120,Vardhaman Systems,6185.0,INR,5
2026-06-25,"State university, Pune",GeM,GEM/2026/B/5235076,APC-SRV3KI,APC Easy UPS SRV 3 kVA Online,20,Pune Computer Mart,56943.0,INR,6
2026-06-26,"State university, Pune",MahaTenders,GEM/2026/B/5296446,LG-24MP400-B,LG 24MP400 24-inch IPS Monitor,100,Vardhaman Systems,8237.0,INR,4
2026-06-27,"Government polytechnic, Aurangabad",MahaTenders,GEM/2026/B/5295298,LG-910-005672-M331,Logitech M331 Silent Wireless Mouse,50,Om Infotech Solutions,1156.0,INR,3
2026-06-28,"Engineering college, Kolhapur",MahaTenders,GEM/2026/B/5254573,AC-NHQPJSI-A715,"Acer Aspire 7 (Core i5, RTX 3050)",50,Pune Computer Mart,63111.0,INR,7
2026-06-28,"Autonomous college, Satara",GeM,GEM/2026/B/5265230,LN-12JB-NEO50T,Lenovo ThinkCentre neo 50t Gen 5 (Core i5),50,Kalpataru Technologies,52141.0,INR,9
2026-06-28,"State university, Pune",GeM,GEM/2026/B/5284555,JB-23189-999-889-E30,Jabra Evolve2 30 SE USB Stereo Headset,20,Data Care Corp,6384.0,INR,7
2026-07-02,"Engineering college, Kolhapur",GeM,GEM/2026/B/5293573,LG-981-000593-H111,Logitech H111 3.5 mm Stereo Headset,50,Kalpataru Technologies,763.0,INR,8
2026-07-07,"Autonomous college, Satara",GeM,GEM/2026/B/5247497,CR-CT16G48C40U5,Crucial 16 GB DDR5-4800 Desktop RAM,30,Vardhaman Systems,4272.0,INR,8
2026-07-16,"Municipal school board, Pune",GeM,GEM/2026/B/5230340,HP-9Z9X3PA-250G10,HP 250 G10 Notebook (Core i5),60,Shree Sai Computers,52758.0,INR,8
2026-07-21,"State university, Pune",GeM,GEM/2026/B/5211162,LG-910-001605-B100,Logitech B100 USB Optical Mouse,20,Om Infotech Solutions,360.0,INR,7
2026-07-23,"Municipal school board, Pune",GeM,GEM/2026/B/5250660,DL-V3030-I5-8,"Dell Vostro 3030 Tower (Core i5, 8 GB)",120,Kalpataru Technologies,43439.0,INR,9
2026-07-31,"Engineering college, Kolhapur",GeM,GEM/2026/B/5246634,LG-981-000014-H390,Logitech H390 USB Headset with Noise-cancelling Mic,30,Data Care Corp,2071.0,INR,5
2026-08-02,"Municipal school board, Pune",MahaTenders,GEM/2026/B/5208100,LG-24MP400-B,LG 24MP400 24-inch IPS Monitor,120,Shree Sai Computers,7567.0,INR,4
2026-08-06,"Engineering college, Kolhapur",MahaTenders,GEM/2026/B/5207336,LG-910-005672-M331,Logitech M331 Silent Wireless Mouse,120,Data Care Corp,1156.0,INR,6
2026-08-14,"Autonomous college, Satara",GeM,GEM/2026/B/5213052,AM-100-100001015BOX,AMD Ryzen 5 7600 Processor (boxed),60,Data Care Corp,18739.0,INR,4
2026-08-17,"State university, Pune",GeM,GEM/2026/B/5206442,HP-53X27AA-W300,HP W300 1080p Webcam,30,Kalpataru Technologies,2807.0,INR,3
2026-08-18,"Engineering college, Kolhapur",GeM,GEM/2026/B/5256904,LN-63DFKAR-E24,Lenovo ThinkVision E24-30 Monitor,50,Kalpataru Technologies,10691.0,INR,7
2026-08-22,"Engineering college, Kolhapur",MahaTenders,GEM/2026/B/5271067,HP-A1RR7PA-440G11,HP ProBook 440 G11 (Core Ultra 5),50,Om Infotech Solutions,69018.0,INR,9
2026-08-26,"Government polytechnic, Aurangabad",GeM,GEM/2026/B/5200546,LG-960-001396-C920,Logitech C920 HD Pro Webcam,120,Data Care Corp,5967.0,INR,8
2026-08-26,"Engineering college, Kolhapur",GeM,GEM/2026/B/5290970,AM-100-100001015BOX,AMD Ryzen 5 7600 Processor (boxed),20,Kalpataru Technologies,17515.0,INR,4
2026-09-05,"Government polytechnic, Aurangabad",MahaTenders,GEM/2026/B/5277515,MS-MAG-A650BN,MSI MAG A650BN 650 W 80+ Bronze PSU,60,Kalpataru Technologies,4382.0,INR,6
2026-09-05,"ITI, Nashik",GeM,GEM/2026/B/5278927,DL-OP7020T-I5-16,"Dell OptiPlex 7020 Tower (Core i5, 16 GB)",50,Kalpataru Technologies,61027.0,INR,5
2026-09-08,"Deemed university, Sangli",MahaTenders,GEM/2026/B/5239393,ZB-CRISPCAM-FHD,Zebronics Zeb-Crisp Pro FHD Webcam,60,Shree Sai Computers,1488.0,INR,5
2026-09-08,"ITI, Nashik",GeM,GEM/2026/B/5237708,DL-E2425H,Dell E2425H 24-inch FHD Monitor,50,Data Care Corp,9324.0,INR,7
